msku,quantity,date,marketplace
x002816em5,-1,2025-02-01,Amazon
x0027z4s1l,-1,2025-02-01,Amazon
x0027z05s1,-1,2025-02-01,Amazon
x0027z05qx,-1,2025-02-01,Amazon
x0027sindr,-1,2025-02-01,Amazon
x0027qard3,-1,2025-02-01,Amazon
x0027kykhn,-1,2025-02-01,Amazon
x0027kwarf,-1,2025-02-01,Amazon
x0027kwarf,-1,2025-02-01,Amazon
x0027kw4w1,-1,2025-02-01,Amazon
x0027dgazz,-1,2025-02-01,Amazon
x00279nlg5,-1,2025-02-01,Amazon
x00279nlg5,-1,2025-02-01,Amazon
x002739p9x,-1,2025-02-01,Amazon
x0026fx4q7,-1,2025-02-01,Amazon
x0026fx4q7,-1,2025-02-01,Amazon
x0026ex1ah,-1,2025-02-01,Amazon
x0026ewnth,-1,2025-02-01,Amazon
x0026cnfap,-1,2025-02-01,Amazon
x0025l96yb,-1,2025-02-01,Amazon
x0025l96yb,-1,2025-02-01,Amazon
x0024aau4d,-1,2025-02-01,Amazon
x0024aau4d,-1,2025-02-01,Amazon
x0024aau4d,-1,2025-02-01,Amazon
x0024aau4d,-1,2025-02-01,Amazon
x0024aau4d,-1,2025-02-01,Amazon
x0024aau4d,-1,2025-02-01,Amazon
x0024aau4d,-1,2025-02-01,Amazon
x0024a2eyh,-1,2025-02-01,Amazon
x0024a2eyh,-1,2025-02-01,Amazon
x0024a2eyh,-1,2025-02-01,Amazon
x0024a2eyh,-1,2025-02-01,Amazon
x0024a2evz,-1,2025-02-01,Amazon
x00219awv3,-1,2025-02-01,Amazon
x00219awut,-1,2025-02-01,Amazon
x00219awuj,-1,2025-02-01,Amazon
x001w7x2y9,-1,2025-02-01,Amazon
x001w7x2xz,-1,2025-02-01,Amazon
x001w7q435,-1,2025-02-01,Amazon
x001w7q435,-1,2025-02-01,Amazon
x001w7q1m9,-1,2025-02-01,Amazon
x001w7q1m9,-1,2025-02-01,Amazon
x001w7q1m9,-2,2025-02-01,Amazon
x001w7n0cx,-1,2025-02-01,Amazon
x001w7n0cx,-1,2025-02-01,Amazon
x001w7n0cd,-1,2025-02-01,Amazon
x001vwczyn,-1,2025-02-01,Amazon
x001vw7odz,-1,2025-02-01,Amazon
x001vw7odz,-1,2025-02-01,Amazon
x001vszuz3,-1,2025-02-01,Amazon
x001vsxa73,-1,2025-02-01,Amazon
x001vsxa73,-1,2025-02-01,Amazon
x001vsxa73,-1,2025-02-01,Amazon
x001vsvwk5,-1,2025-02-01,Amazon
x001vs5zbr,-1,2025-02-01,Amazon
x001vql0w7,-1,2025-02-01,Amazon
x001vql0w7,-1,2025-02-01,Amazon
x001jjpaoz,-1,2025-02-01,Amazon
x001fbnfiz,-1,2025-02-01,Amazon
x00283i6ht,-1,2025-01-31,Amazon
x00282eelh,-1,2025-01-31,Amazon
x0027z4s1l,-1,2025-01-31,Amazon
x0027sindr,-1,2025-01-31,Amazon
x0027qard3,-1,2025-01-31,Amazon
x0027kw4w1,-1,2025-01-31,Amazon
x0027apmyd,-1,2025-01-31,Amazon
x0027anq1j,-1,2025-01-31,Amazon
x00279nlg5,-1,2025-01-31,Amazon
x002739jm1,-1,2025-01-31,Amazon
x002736t0l,-1,2025-01-31,Amazon
x0027339i1,-1,2025-01-31,Amazon
x0027339i1,-1,2025-01-31,Amazon
x0027339i1,-1,2025-01-31,Amazon
x0027339i1,-1,2025-01-31,Amazon
x0026o9b83,-1,2025-01-31,Amazon
x0026fx4q7,-1,2025-01-31,Amazon
x0026fx4q7,-1,2025-01-31,Amazon
x0026fx4q7,-1,2025-01-31,Amazon
x0026ex1ah,-1,2025-01-31,Amazon
x0026ex1ah,-1,2025-01-31,Amazon
x0026ewnth,-1,2025-01-31,Amazon
x0026ewnth,-1,2025-01-31,Amazon
x0026ewnth,-1,2025-01-31,Amazon
x0026ewnth,-1,2025-01-31,Amazon
x0026ewnth,-1,2025-01-31,Amazon
x0026eovrt,-1,2025-01-31,Amazon
x0026efxfd,-1,2025-01-31,Amazon
x0026efv05,-1,2025-01-31,Amazon
x0026efu8x,-1,2025-01-31,Amazon
x0025l96yb,-1,2025-01-31,Amazon
x0025l96yb,-1,2025-01-31,Amazon
x0025l96yb,-1,2025-01-31,Amazon
x0025l96yb,-1,2025-01-31,Amazon
x0025l96yb,-1,2025-01-31,Amazon
x0025l96yb,-1,2025-01-31,Amazon
x0024aau4d,-1,2025-01-31,Amazon
x0024aau4d,-1,2025-01-31,Amazon
x0024aau4d,-2,2025-01-31,Amazon
x0024aau4d,-2,2025-01-31,Amazon
x0024aau4d,-1,2025-01-31,Amazon
x0024aau4d,-1,2025-01-31,Amazon
x0024aau4d,-1,2025-01-31,Amazon
x0024aau4d,-1,2025-01-31,Amazon
x0024aau4d,-1,2025-01-31,Amazon
x0024a2ez1,-1,2025-01-31,Amazon
x0024a2eyh,-1,2025-01-31,Amazon
x0024a2eyh,-1,2025-01-31,Amazon
x0024a2eyh,-1,2025-01-31,Amazon
x0024a2eyh,-1,2025-01-31,Amazon
x0024a2evz,-1,2025-01-31,Amazon
x0022r823j,-1,2025-01-31,Amazon
x00219di2d,-1,2025-01-31,Amazon
x001w7x2y9,-1,2025-01-31,Amazon
x001w7x2xz,-1,2025-01-31,Amazon
x001w7x2xz,-1,2025-01-31,Amazon
x001w7q43f,-1,2025-01-31,Amazon
x001w7q435,-1,2025-01-31,Amazon
x001vwey5v,-1,2025-01-31,Amazon
x001vv0bwr,-1,2025-01-31,Amazon
x001vuvz0z,-1,2025-01-31,Amazon
x001vsxa73,-1,2025-01-31,Amazon
x001vsxa73,-1,2025-01-31,Amazon
x001vsvwk5,-1,2025-01-31,Amazon
x001vsvwk5,-1,2025-01-31,Amazon
x001vql0w7,-1,2025-01-31,Amazon
x001vql0w7,-1,2025-01-31,Amazon
x001mdia81,-1,2025-01-31,Amazon
x001ldjujz,-1,2025-01-31,Amazon
x001ldjujz,-1,2025-01-31,Amazon
x001ldjujz,-1,2025-01-31,Amazon
x001kp3iv5,-1,2025-01-31,Amazon
x001fbkshb,-1,2025-01-31,Amazon
x001fbkscv,-1,2025-01-31,Amazon
x001exx4zn,-1,2025-01-31,Amazon
x00283i6ht,-1,2025-01-30,Amazon
x0027z4s1l,-1,2025-01-30,Amazon
x0027z4s1l,-1,2025-01-30,Amazon
x0027z4s1l,-1,2025-01-30,Amazon
x0027z4s1l,-1,2025-01-30,Amazon
x002737y0z,-1,2025-01-30,Amazon
x002737y0z,-5,2025-01-30,Amazon
x0027339i1,-1,2025-01-30,Amazon
x0026ewnth,-1,2025-01-30,Amazon
x0026er40f,-1,2025-01-30,Amazon
x0026er40f,-1,2025-01-30,Amazon
x0026er40f,-1,2025-01-30,Amazon
x0026eiufx,-1,2025-01-30,Amazon
x0026cnfap,-1,2025-01-30,Amazon
x0026cnfap,-1,2025-01-30,Amazon
x0024aau4d,-1,2025-01-30,Amazon
x0024aau4d,-1,2025-01-30,Amazon
x0024aau4d,-1,2025-01-30,Amazon
x0024aau4d,-1,2025-01-30,Amazon
x0024aau4d,-1,2025-01-30,Amazon
x0024aau4d,-1,2025-01-30,Amazon
x0024a2eyh,-1,2025-01-30,Amazon
x0024a2eyh,-1,2025-01-30,Amazon
x0024a2eyh,-1,2025-01-30,Amazon
x0024a2evz,-1,2025-01-30,Amazon
x0023zat27,-1,2025-01-30,Amazon
x00219awv3,-1,2025-01-30,Amazon
x0020hwkmp,-1,2025-01-30,Amazon
x001ykf8z5,-2,2025-01-30,Amazon
x001ykf8z5,-1,2025-01-30,Amazon
x001ygde7d,-1,2025-01-30,Amazon
x001w7x2xz,-1,2025-01-30,Amazon
x001w7q435,-1,2025-01-30,Amazon
x001w7q1m9,-1,2025-01-30,Amazon
x001w7q1m9,-1,2025-01-30,Amazon
x001w7n0cd,-1,2025-01-30,Amazon
x001vw9s9d,-1,2025-01-30,Amazon
x001vw1i8r,-1,2025-01-30,Amazon
x001vv0bwr,-1,2025-01-30,Amazon
x001vsxa73,-1,2025-01-30,Amazon
x001vsxa73,-2,2025-01-30,Amazon
x001vsvwk5,-1,2025-01-30,Amazon
x001vs5zbr,-1,2025-01-30,Amazon
x001jjpaoz,-1,2025-01-30,Amazon
x001fbkscv,-1,2025-01-30,Amazon
x00283i6ht,-1,2025-01-29,Amazon
x0027z4s1l,-1,2025-01-29,Amazon
x0027z4s1l,-1,2025-01-29,Amazon
x0027z4s1l,-1,2025-01-29,Amazon
x0027z4s1l,-1,2025-01-29,Amazon
x0027z4s1l,-1,2025-01-29,Amazon
x0027q9i5v,-1,2025-01-29,Amazon
x002737y0z,-1,2025-01-29,Amazon
x002737y0z,-1,2025-01-29,Amazon
x002734du9,-1,2025-01-29,Amazon
x0027339i1,-1,2025-01-29,Amazon
x0026ewnth,-1,2025-01-29,Amazon
x0026er40f,-1,2025-01-29,Amazon
x0026eiufx,-1,2025-01-29,Amazon
x0024aau4x,-1,2025-01-29,Amazon
x0024aau4d,-1,2025-01-29,Amazon
x0024aau4d,-1,2025-01-29,Amazon
x0024aau4d,-1,2025-01-29,Amazon
x0024a2eyh,-1,2025-01-29,Amazon
x0024a2eyh,-1,2025-01-29,Amazon
x0024a2eyh,-1,2025-01-29,Amazon
x0024a2eyh,-1,2025-01-29,Amazon
x0024a2eyh,-1,2025-01-29,Amazon
x0024a2eyh,-1,2025-01-29,Amazon
x0024a2eyh,-1,2025-01-29,Amazon
x00242e1zz,-2,2025-01-29,Amazon
x00242e1zz,-1,2025-01-29,Amazon
x00242e1zz,-1,2025-01-29,Amazon
x00219di2d,-1,2025-01-29,Amazon
x0020hwkmp,-1,2025-01-29,Amazon
x00205mhrf,-1,2025-01-29,Amazon
x001ygde7d,-1,2025-01-29,Amazon
x001w7x2xz,-1,2025-01-29,Amazon
x001w7x2xz,-1,2025-01-29,Amazon
x001vwdd5n,-1,2025-01-29,Amazon
x001vql0w7,-1,2025-01-29,Amazon
x001kp3iv5,-1,2025-01-29,Amazon
x001kp3iv5,-1,2025-01-29,Amazon
x001fbnfgr,-1,2025-01-29,Amazon
x00280rfyh,-1,2025-01-28,Amazon
x00280qjq7,-1,2025-01-28,Amazon
x0027z4s1l,-1,2025-01-28,Amazon
x0027z4s1l,-1,2025-01-28,Amazon
x0027sindr,-1,2025-01-28,Amazon
x0027sgwjj,-1,2025-01-28,Amazon
x00279nlg5,-1,2025-01-28,Amazon
x002739jm1,-1,2025-01-28,Amazon
x002737y0z,-1,2025-01-28,Amazon
x002737y0z,-1,2025-01-28,Amazon
x002736q2h,-1,2025-01-28,Amazon
x002736q2h,-1,2025-01-28,Amazon
x0026fx4q7,-1,2025-01-28,Amazon
x0026fx4q7,-1,2025-01-28,Amazon
x0026ex1ah,-1,2025-01-28,Amazon
x0026ewnth,-1,2025-01-28,Amazon
x0026ewnth,-1,2025-01-28,Amazon
x0026er40f,-1,2025-01-28,Amazon
x0026er40f,-1,2025-01-28,Amazon
x0026er40f,-1,2025-01-28,Amazon
x0026er40f,-1,2025-01-28,Amazon
x0026eiufx,-1,2025-01-28,Amazon
x0026eiufx,-1,2025-01-28,Amazon
x0026efwi1,-1,2025-01-28,Amazon
x002566lfx,-1,2025-01-28,Amazon
x0024aau4d,-1,2025-01-28,Amazon
x0024a2eyh,-1,2025-01-28,Amazon
x0024a2eyh,-1,2025-01-28,Amazon
x0024a2eyh,-1,2025-01-28,Amazon
x0024a2eyh,-1,2025-01-28,Amazon
x00233eaub,-1,2025-01-28,Amazon
x00205hs2t,-1,2025-01-28,Amazon
x00205hq2v,-1,2025-01-28,Amazon
x001ykhd67,-1,2025-01-28,Amazon
x001w7x2y9,-1,2025-01-28,Amazon
x001w7x2xz,-1,2025-01-28,Amazon
x001w7q435,-1,2025-01-28,Amazon
x001w7q1m9,-1,2025-01-28,Amazon
x001vuwk3v,-1,2025-01-28,Amazon
x001vszuz3,-1,2025-01-28,Amazon
x001vsvwk5,-1,2025-01-28,Amazon
x001vsvwk5,-1,2025-01-28,Amazon
x001vs5zbr,-1,2025-01-28,Amazon
x001vql0w7,-1,2025-01-28,Amazon
x001rflggh,-1,2025-01-28,Amazon
x001ldjujz,-1,2025-01-28,Amazon
x001fblz41,-1,2025-01-28,Amazon
x001dit9yt,-1,2025-01-28,Amazon
x00280qjq7,-1,2025-01-27,Amazon
x0027z4s1l,-1,2025-01-27,Amazon
x0027z4s1l,-1,2025-01-27,Amazon
x0027yv6an,-1,2025-01-27,Amazon
x00279nlg5,-1,2025-01-27,Amazon
x00279nlg5,-1,2025-01-27,Amazon
x00279nlg5,-1,2025-01-27,Amazon
x002737y0z,-1,2025-01-27,Amazon
x002737y0z,-4,2025-01-27,Amazon
x002737y0z,-1,2025-01-27,Amazon
x0026ex1ah,-1,2025-01-27,Amazon
x0026ex1ah,-1,2025-01-27,Amazon
x0026ex1ah,-1,2025-01-27,Amazon
x0026ewnth,-1,2025-01-27,Amazon
x0026ewnth,-1,2025-01-27,Amazon
x0026ewnth,-1,2025-01-27,Amazon
x0026ewnth,-1,2025-01-27,Amazon
x0026cnfap,-1,2025-01-27,Amazon
x0026cnfap,-1,2025-01-27,Amazon
x0024aau4x,-1,2025-01-27,Amazon
x0024aau4d,-1,2025-01-27,Amazon
x0024aau4d,-1,2025-01-27,Amazon
x0024aau4d,-1,2025-01-27,Amazon
x0024a2eyh,-1,2025-01-27,Amazon
x0024a2ey7,-1,2025-01-27,Amazon
x0024a2evz,-1,2025-01-27,Amazon
x0024a2euv,-1,2025-01-27,Amazon
x00242e1zz,-1,2025-01-27,Amazon
x00219awu9,-1,2025-01-27,Amazon
x001ykdrvh,-1,2025-01-27,Amazon
x001ygde7d,-1,2025-01-27,Amazon
x001w7x2xz,-1,2025-01-27,Amazon
x001w7q435,-1,2025-01-27,Amazon
x001w7q1m9,-1,2025-01-27,Amazon
x001w7q1m9,-1,2025-01-27,Amazon
x001w7n0d7,-1,2025-01-27,Amazon
x001w7n0cx,-1,2025-01-27,Amazon
x001w7n0cx,-1,2025-01-27,Amazon
x001w7n0cx,-1,2025-01-27,Amazon
x001w7n0cd,-1,2025-01-27,Amazon
x001vwauat,-1,2025-01-27,Amazon
x001vw1i8r,-1,2025-01-27,Amazon
x001vv0bwr,-1,2025-01-27,Amazon
x001vsxa73,-1,2025-01-27,Amazon
x001vs5zc1,-1,2025-01-27,Amazon
x001vs4m1v,-1,2025-01-27,Amazon
x001rflggh,-1,2025-01-27,Amazon
x001mz8jd5,-1,2025-01-27,Amazon
x001jjpaoz,-1,2025-01-27,Amazon
x001dh3ith,-1,2025-01-27,Amazon
x001vv0bwr,-1,2025-01-26,Amazon
cste_0546_st_animal_lucifer_cat_black,1,2025-01-26,Flipkart
map_musicbox_black_hbd,1,2025-01-26,Flipkart
f_ay hp m box black,1,2025-01-26,Flipkart
f_ay hp m box black,1,2025-01-26,Flipkart
map_musicbox_black_hbd,1,2025-01-26,Flipkart
music box/11,1,2025-01-26,Flipkart
music box/11,1,2025-01-25,Flipkart
f_ay hp m box black,1,2025-01-26,Flipkart
cste_0470_st_minecraft_sword_small,1,2025-01-26,Flipkart
cste_0470_st_minecraft_sword_small,1,2025-01-26,Flipkart
f_ay hp m box black,1,2025-01-26,Flipkart
f_ay hp m box black,1,2025-01-27,Flipkart
music box/11,1,2025-01-26,Flipkart
cste_0470_st_minecraft_sword_small,1,2025-01-27,Flipkart
cj-thug life sunglasses pixel gangster,1,2025-01-26,Flipkart
sabrina_8note_kalimba,1,2025-01-26,Flipkart
eitheo_hbd,1,2025-01-27,Flipkart
wing_red_sg,1,2025-01-27,Flipkart
music box/11,1,2025-01-27,Flipkart
music box/11,1,2025-01-26,Flipkart
cste_0491_st_fruit_blox_spirit,1,2025-01-27,Flipkart
cste_0533_st_animal_breathing_koala_grey,1,2025-01-27,Flipkart
cste_0489_st_fruit_blox_light,1,2025-01-27,Flipkart
cste_0491_st_fruit_blox_spirit,1,2025-01-27,Flipkart
cste_0488_st_anim_breathing_stitch_blue,1,2025-01-27,Flipkart
breathing_otter_pink,1,2025-01-27,Flipkart
cste_0490_st_fruit_blox_shadow,1,2025-01-27,Flipkart
cste_0486_st_anim_breathing_otter_brown,1,2025-01-27,Flipkart
music box/11,1,2025-01-28,Flipkart
mercurygreen_fire_sg,1,2025-01-27,Flipkart
eitheo_hbd,1,2025-01-27,Flipkart
music box/11,1,2025-01-28,Flipkart
f_ay hp m box black,1,2025-01-28,Flipkart
cste_0149_sg_butterfly_pink,1,2025-01-27,Flipkart
eitheo_hbd,1,2025-01-27,Flipkart
f_sunglass-1,1,2025-01-27,Flipkart
map_musicbox_black_hbd,1,2025-01-27,Flipkart
f_ay hp m box black,1,2025-01-28,Flipkart
map_musicbox_black_hbd,1,2025-01-28,Flipkart
cste_0470_st_minecraft_sword_small,1,2025-01-28,Flipkart
dumbledore_wand_musicbox,1,2025-01-28,Flipkart
cste_0491_st_fruit_blox_spirit,1,2025-01-28,Flipkart
cste_0490_st_fruit_blox_shadow,1,2025-01-28,Flipkart
cste_0489_st_fruit_blox_light,1,2025-01-28,Flipkart
cste_0478_st_minecraft_cow_brown,1,2025-01-28,Flipkart
cste_0489_st_fruit_blox_light,1,2025-01-28,Flipkart
brown-la-vie-rose-brown,1,2025-01-29,Flipkart
mercurygreen_fire_sg,1,2025-01-28,Flipkart
music box/11,1,2025-01-29,Flipkart
harry potter_white,1,2025-01-29,Flipkart
dumbledore_sunglass_wand,1,2025-01-29,Flipkart
cste_0487_st_anim_breathing_otter_blue,1,2025-01-28,Flipkart
cste_0486_st_anim_breathing_otter_brown,1,2025-01-29,Flipkart
map_musicbox_black_hbd,1,2025-01-29,Flipkart
music box/26,1,2025-01-28,Flipkart
cste_0491_st_fruit_blox_spirit,1,2025-01-28,Flipkart
harry potter_white,1,2025-01-29,Flipkart
hbd_white_mb,1,2025-01-29,Flipkart
hbd_brown_map,1,2025-01-29,Flipkart
music box/11,1,2025-01-29,Flipkart
map_musicbox_black_hbd,1,2025-01-29,Flipkart
f_ay hp m box black,1,2025-01-29,Flipkart
cste_0482_st_animal_kitty_kuromi_black,1,2025-01-29,Flipkart
music box/11,1,2025-01-30,Flipkart
music box/11,1,2025-01-29,Flipkart
cste_0489_st_fruit_blox_light,1,2025-01-30,Flipkart
cste_0490_st_fruit_blox_shadow,1,2025-01-30,Flipkart
hbd_brown_map,1,2025-01-30,Flipkart
harry potter_white,1,2025-01-30,Flipkart
eitheo_hbd,1,2025-01-30,Flipkart
crystle_17nots_kalimba,1,2025-01-30,Flipkart
music box/11,1,2025-01-30,Flipkart
wing_red_sg,1,2025-01-31,Flipkart
cste_0486_st_anim_breathing_otter_brown,1,2025-01-31,Flipkart
f_ay hp m box black,1,2025-01-30,Flipkart
f_ay hp m box black,1,2025-01-31,Flipkart
music box/11,1,2025-01-31,Flipkart
cste_0532_st_animal_breathing_rabbit_grey,1,2025-01-30,Flipkart
cste_0487_st_anim_breathing_otter_blue,1,2025-01-30,Flipkart
harrypotter_brown_map2,1,2025-01-30,Flipkart
fusked-elephant-grey-soft toy,1,2025-01-31,Flipkart
cste_0419_st_minecraft_creeper,1,2025-01-31,Flipkart
cste_0355_wands_hp_light_sg,1,2025-01-31,Flipkart
hbd_blck_map,1,2025-01-31,Flipkart
cste_0487_st_anim_breathing_otter_blue,1,2025-01-30,Flipkart
moeny heist musical toy,1,2025-01-31,Flipkart
harrypotter_brown_map2,1,2025-01-31,Flipkart
cste_0512_st_animal_cow_plush,1,2025-01-30,Flipkart
light_wand_dumbledore,1,2025-01-31,Flipkart
wing_red_sg,1,2025-02-01,Flipkart
eitheo_hbd,1,2025-01-31,Flipkart
fusked-elephant-grey-soft toy,1,2025-02-01,Flipkart
fusked-elephant-grey-soft toy,1,2025-02-01,Flipkart
fusked-elephant-grey-soft toy,1,2025-02-01,Flipkart
eitheo_hbd,1,2025-02-01,Flipkart
dumbledore_wand_musicbox,1,2025-02-01,Flipkart
music box/11,1,2025-02-01,Flipkart
hbd_white_mb,1,2025-02-01,Flipkart
music box/11,1,2025-01-31,Flipkart
music box/11,1,2025-01-31,Flipkart
cj- ben 10 girls-boys-watch-green,1,2025-01-31,Flipkart
cste_0543_st_animal_breathing_strawberry_rabbit,1,2025-01-31,Flipkart
cste_0476_st_minecraft_zombie_black,1,2025-01-31,Flipkart
cste_0488_st_anim_breathing_stitch_blue,1,2025-01-30,Flipkart
cste_0502_st_minecraft_pickaxe_foam,1,2025-01-31,Flipkart
cste_0489_st_fruit_blox_light,1,2025-01-31,Flipkart
cste_0491_st_fruit_blox_spirit,1,2025-02-01,Flipkart
cste_0486_st_anim_breathing_otter_brown,1,2025-02-01,Flipkart
cste_0486_st_anim_breathing_otter_brown,1,2025-02-01,Flipkart
dumbledore_wand_musicbox,1,2025-02-01,Flipkart
mb_mb_a12brown_1,1,2025-01-28,Flipkart-GL
mb_youaresunshine_blk,1,2025-01-28,Flipkart-GL
mb_youaresunshine_blk,1,2025-01-28,Flipkart-GL
map_hp_brown,1,2025-01-28,Flipkart-GL
mb_beatles_black,1,2025-01-28,Flipkart-GL
lavienrose_black,1,2025-01-28,Flipkart-GL
mb_youaresunshine_blk,1,2025-01-28,Flipkart-GL
thug life sunglasses,1,2025-01-29,Flipkart-GL
red_wings_sg,1,2025-01-30,Flipkart-GL
doll_orange_green,1,2025-01-30,Flipkart-GL
thug_thin,1,2025-02-01,Flipkart-GL
money heist a-8_brown,1,2025-01-31,Meesho
69ufqnah,1,2025-01-31,Meesho
sg_butterfly_lightgreenpink,1,2025-01-31,Meesho
sg_butterfly_lightgreenpink,1,2025-01-31,Meesho
you are my sunshine sun_brown,1,2025-01-31,Meesho
v1nepfrr,1,2025-01-31,Meesho
sg_butterfly_lightgreenpink,1,2025-01-31,Meesho
6ckgxkia,1,2025-01-31,Meesho
v1nepfrr,1,2025-01-31,Meesho
la vie en rose mb-black,1,2025-01-31,Meesho
sg_butterfly_lightgreenpink,1,2025-01-31,Meesho
1617749754_17,1,2025-01-31,Meesho
v1nepfrr,1,2025-01-31,Meesho
sg_butterfly_lightgreenpink,1,2025-01-31,Meesho
mh-la casa de papel_brown,1,2025-01-31,Meesho
mh_a8_brown,1,2025-01-31,Meesho
sg_butterfly_lightgreenpink,1,2025-01-31,Meesho
cste_0355_wands_harrypotter_light_sg,1,2025-01-31,Meesho
v1nepfrr,1,2025-01-31,Meesho
v1nepfrr,1,2025-01-31,Meesho
69ufqnah,1,2025-01-31,Meesho
sg_butterfly_lightgreenpink,1,2025-01-31,Meesho
youaremysunshinemusicbox-black,1,2025-01-31,Meesho
69ufqnah,1,2025-02-01,Meesho
sg_butterfly_lightgreenpink,1,2025-02-01,Meesho
sg_butterfly_lightgreenpink,1,2025-02-01,Meesho
v1nepfrr,1,2025-02-01,Meesho
cste_0359_wands_hermoine_light_sg,1,2025-02-01,Meesho
cste_0434_st_pokemon_bulbasour_green,1,2025-02-01,Meesho
v1nepfrr,1,2025-02-01,Meesho
mh_a8_brown,1,2025-02-01,Meesho
cste_o0390_ot_toiletry_bottles,1,2025-02-01,Meesho
you are my sunshine sun_brown,1,2025-02-01,Meesho
fire sunglasses-green,1,2025-02-01,Meesho
cste_o0390_ot_toiletry_bottles,1,2025-02-01,Meesho
redstawberry_softtoy,1,2025-02-01,Meesho
69ufqnah,1,2025-02-01,Meesho
v1nepfrr,1,2025-02-01,Meesho
cste_0430_org_compression_kit_blue,1,2025-02-01,Meesho
6ckgxkia,1,2025-02-01,Meesho
v1nepfrr,1,2025-02-01,Meesho
69ufqnah,1,2025-02-01,Meesho
acrylic_heart_8note_kalimba,1,2025-02-01,Meesho
v1nepfrr,1,2025-02-01,Meesho
sg_butterfly_lightgreenpink,1,2025-02-01,Meesho
v1nepfrr,1,2025-02-01,Meesho
cste_0484_st_animal_kaonashi_ghost_black,1,2025-02-01,Meesho
storagebox_3,1,2025-02-01,Meesho
32546987,1,2025-01-26,Other
goku action figure01,1,2025-01-26,Other
cste_o0390_ot_toiletry_bottles,1,2025-01-26,Other
cste_o0390_ot_toiletry_bottles,1,2025-01-26,Other
32546987,1,2025-01-27,Other
cste_0490_st_fruit_blox_shadow,1,2025-01-27,Other
cste_o0390_ot_toiletry_bottles,1,2025-01-27,Other
cste_o0390_ot_toiletry_bottles,1,2025-01-27,Other
cste_o0390_ot_toiletry_bottles,2,2025-01-27,Other
cste_o0390_ot_toiletry_bottles,1,2025-01-27,Other
cste_o0390_ot_toiletry_bottles,1,2025-01-27,Other
cste_o0390_ot_toiletry_bottles,1,2025-01-27,Other
cste_0454_st_animal_garfield_orange,1,2025-01-27,Other
32546987,1,2025-01-27,Other
cste_o0390_ot_toiletry_bottles,1,2025-01-27,Other
cste_0417_organizer_storagebox_skyblue,1,2025-01-27,Other
cste_o0390_ot_toiletry_bottles,2,2025-01-27,Other
cste_o0390_ot_toiletry_bottles,1,2025-01-27,Other
sg_fireglass_mercurypink,1,2025-01-27,Other
cste_o0390_ot_toiletry_bottles,1,2025-01-27,Other
cste_0478_st_minecraft_cow_brown,1,2025-01-28,Other
cste_o0390_ot_toiletry_bottles,1,2025-01-28,Other
32002561,1,2025-01-28,Other
32546987,1,2025-01-28,Other
cste_o0390_ot_toiletry_bottles,1,2025-01-28,Other
sg_fireglass_green,1,2025-01-28,Other
gengar,1,2025-01-28,Other
cste_o0390_ot_toiletry_bottles,1,2025-01-29,Other
sg_butterfly_red&green,1,2025-01-29,Other
32546987,1,2025-01-29,Other
cste_o0390_ot_toiletry_bottles,1,2025-01-29,Other
32546987,1,2025-01-29,Other
cste_0157_sg_fireglass_green,1,2025-01-29,Other
cste_o0390_ot_toiletry_bottles,1,2025-01-29,Other
goku super saiyyan injured01,1,2025-01-29,Other
cste_0417_organizer_storagebox_skyblue,1,2025-01-29,Other
32546987,1,2025-01-29,Other
1951027540_9,1,2025-01-29,Other
dolphine bubble shooter gun for kids,1,2025-01-29,Other
mb_starwars_|blk,1,2025-01-29,Other
32546987,1,2025-01-29,Other
cste_o0390_ot_toiletry_bottles,1,2025-01-29,Other
cste_o0445_ot_glue_sand_rubber_monkey,1,2025-01-29,Other
harry_wand,1,2025-01-29,Other
cste_0533_st_animal_breathing_koala_grey,1,2025-01-30,Other
32546987,1,2025-01-30,Other
minecraft_small_sword_steve,1,2025-01-30,Other
cste_0205_mb_mha10_brown,1,2025-01-30,Other
sg_butterfly_red&green,1,2025-01-30,Other
cste_0157_sg_fireglass_green,1,2025-01-30,Other
cste_o0390_ot_toiletry_bottles,1,2025-01-30,Other
titanic_brown,1,2025-01-31,Other
cste_o0390_ot_toiletry_bottles,1,2025-01-31,Other
sg_butterfly_red&green,1,2025-01-31,Other
78945615,1,2025-01-31,Other
cste_o0390_ot_toiletry_bottles,1,2025-01-31,Other
32546987,1,2025-01-31,Other
cste_o0390_ot_toiletry_bottles,1,2025-02-01,Other
586379476_16,1,2025-02-01,Other
586379476_16,1,2025-02-01,Other
sg_fireglass_green,1,2025-02-01,Other
cste_o0390_ot_toiletry_bottles,2,2025-02-01,Other
78945615,1,2025-02-01,Other
cste_o0390_ot_toiletry_bottles,1,2025-02-01,Other
